"Timestamp,""Session ID (the last session that the participant has completed)"",""Participant ID (top-right corner)"",""I felt bored"",""I felt annoyed"",""I felt excited"",""I felt at ease"",""I felt satisfied"",""I felt curious"",""I felt stressed"",""I felt tired"""
"2024/11/05 5:50:02 PM GMT+1,""ILLIAC"",""andsti-01"",""1"",""2"",""3"",""1"",""2"",""3"",""2"",""4"""
"2024/11/05 5:54:41 PM GMT+1,""CYSP"",""andsti-01"",""3"",""2"",""1"",""2"",""1"",""1"",""2"",""4"""
"2024/11/05 5:59:13 PM GMT+1,""VOYAGER"",""andsti-01"",""4"",""2"",""1"",""1"",""1"",""1"",""1"",""4"""
"2024/11/05 6:05:35 PM GMT+1,""ALICE"",""andsti-01"",""3"",""3"",""1"",""2"",""1"",""1"",""1"",""4"""
"2024/11/05 7:08:49 PM GMT+1,""CYSP"",""grup16"",""3"",""0"",""2"",""1"",""0"",""3"",""0"",""0"""
"2024/11/05 10:40:04 PM GMT+1,""andsti-02"",""ALICE"",""4"",""4"",""0"",""1"",""0"",""1"",""2"",""0"""
"2024/11/05 10:45:24 PM GMT+1,""CYSP"",""andsti-02"",""4"",""3"",""0"",""0"",""1"",""1"",""1"",""0"""
"2024/11/05 10:50:14 PM GMT+1,""VOYAGER"",""andsti-02"",""4"",""4"",""0"",""0"",""0"",""2"",""2"",""2"""
"2024/11/05 10:56:05 PM GMT+1,""ILLIAC"",""andsti-02"",""4"",""4"",""0"",""0"",""0"",""0"",""3"",""2"""
"2024/11/06 11:41:26 AM GMT+1,""CYSP"",""andsti-03"",""1"",""0"",""2"",""3"",""1"",""4"",""0"",""0"""
"2024/11/06 11:45:40 AM GMT+1,""ILLIAC"",""andsti-03"",""2"",""0"",""2"",""1"",""0"",""3"",""0"",""0"""
"2024/11/06 11:45:49 AM GMT+1,""VOYAGER"",""andsti-04"",""3"",""2"",""0"",""1"",""1"",""3"",""3"",""2"""
"2024/11/06 11:49:40 AM GMT+1,""VOYAGER"",""andsti-03"",""1"",""0"",""2"",""1"",""1"",""4"",""0"",""0"""
"2024/11/06 11:51:08 AM GMT+1,""ILLIAC"",""andsti-04"",""2"",""2"",""0"",""1"",""2"",""2"",""2"",""2"""
"2024/11/06 11:55:43 AM GMT+1,""ALICE"",""andsti-04"",""2"",""1"",""1"",""0"",""1"",""2"",""1"",""2"""
"2024/11/06 12:02:30 PM GMT+1,""CYSP"",""andsti-04"",""4"",""3"",""0"",""1"",""0"",""0"",""0"",""3"""
"2024/11/06 12:21:35 PM GMT+1,""ALICE"",""andsti-05"",""3"",""0"",""3"",""3"",""3"",""2"",""0"",""0"""
"2024/11/06 12:22:41 PM GMT+1,""CYSP"",""group21-11"",""0"",""1"",""1"",""3"",""2"",""4"",""1"",""0"""
"2024/11/06 12:25:52 PM GMT+1,""ILLIAC"",""andsti-05"",""2"",""0"",""1"",""0"",""3"",""1"",""0"",""0"""
"2024/11/06 12:30:09 PM GMT+1,""VOYAGER"",""andsti-05"",""4"",""4"",""0"",""1"",""0"",""1"",""0"",""4"""
"2024/11/06 12:30:25 PM GMT+1,""ILLIAC"",""group21-11"",""1"",""2"",""2"",""2"",""2"",""3"",""1"",""0"""
"2024/11/06 12:35:32 PM GMT+1,""CYSP"",""andsti-05"",""3"",""1"",""1"",""0"",""1"",""2"",""0"",""0"""
"2024/11/06 12:38:08 PM GMT+1,""VOYAGER"",""group21-11"",""2"",""2"",""2"",""2"",""1"",""3"",""1"",""0"""
"2024/11/06 12:45:28 PM GMT+1,""ALICE"",""group21-11"",""1"",""1"",""3"",""2"",""3"",""4"",""1"",""0"""
"2024/11/06 12:49:04 PM GMT+1,""ALICE"",""andsti-06"",""3"",""3"",""2"",""1"",""1"",""2"",""0"",""0"""
"2024/11/06 12:54:15 PM GMT+1,""ILLIAC"",""andsti-06"",""3"",""3"",""2"",""3"",""2"",""0"",""0"",""0"""
"2024/11/06 12:58:43 PM GMT+1,""CYSP"",""andsti-06"",""4"",""3"",""0"",""0"",""0"",""0"",""0"",""0"""
"2024/11/06 12:58:49 PM GMT+1,""Alice"",""pluto1"",""1"",""3"",""4"",""0"",""0"",""4"",""1"",""0"""
"2024/11/06 1:02:30 PM GMT+1,""ALICE"",""group21-12"",""3"",""0"",""0"",""2"",""1"",""3"",""0"",""0"""
"2024/11/06 1:04:44 PM GMT+1,""VOYAGER"",""andsti-06"",""4"",""2"",""1"",""0"",""0"",""0"",""2"",""2"""
"2024/11/06 1:06:27 PM GMT+1,""illiac"",""pluto1"",""2"",""2"",""1"",""0"",""0"",""4"",""2"",""1"""
"2024/11/06 1:09:16 PM GMT+1,""CYSP"",""group21-12"",""4"",""0"",""0"",""3"",""0"",""1"",""0"",""0"""
"2024/11/06 1:14:12 PM GMT+1,""CYSP"",""andsti-07"",""0"",""2"",""3"",""3"",""4"",""3"",""0"",""0"""
"2024/11/06 1:16:40 PM GMT+1,""ILLIAC"",""group21-12"",""4"",""1"",""0"",""2"",""1"",""2"",""0"",""0"""
"2024/11/06 1:18:04 PM GMT+1,""voyager"",""pluto1"",""3"",""3"",""1"",""1"",""1"",""3"",""0"",""2"""
"2024/11/06 1:19:29 PM GMT+1,""ALICE"",""andsti-07"",""2"",""3"",""3"",""3"",""2"",""3"",""0"",""0"""
"2024/11/06 1:23:55 PM GMT+1,""VOYAGER"",""andsti-07"",""2"",""3"",""2"",""2"",""1"",""3"",""0"",""0"""
"2024/11/06 1:24:47 PM GMT+1,""VOYAGER"",""group21-12"",""4"",""0"",""1"",""4"",""1"",""1"",""0"",""0"""
"2024/11/06 1:24:48 PM GMT+1,""cysp"",""pluto1"",""4"",""3"",""1"",""2"",""1"",""1"",""2"",""3"""
"2024/11/06 1:29:23 PM GMT+1,""ILLIAC"",""andsti-07"",""1"",""2"",""3"",""3"",""3"",""3"",""0"",""0"""
"2024/11/06 1:36:37 PM GMT+1,""cysp"",""pluto2"",""0"",""1"",""3"",""2"",""2"",""3"",""0"",""0"""
"2024/11/06 1:45:30 PM GMT+1,""alice"",""pluto2"",""1"",""2"",""2"",""1"",""1"",""2"",""0"",""1"""
"2024/11/06 1:55:42 PM GMT+1,""illiac"",""pluto2"",""2"",""2"",""1"",""0"",""0"",""2"",""2"",""1"""
"2024/11/06 2:07:50 PM GMT+1,""voyager"",""pluto2"",""2"",""1"",""2"",""2"",""2"",""3"",""0"",""2"""
"2024/11/06 2:21:58 PM GMT+1,""alice"",""pluto3"",""1"",""2"",""3"",""2"",""1"",""3"",""0"",""0"""
"2024/11/06 2:29:44 PM GMT+1,""cysp"",""pluto3"",""1"",""2"",""2"",""3"",""0"",""2"",""0"",""1"""
"2024/11/06 2:37:04 PM GMT+1,""illiac"",""pluto3"",""2"",""3"",""0"",""4"",""1"",""2"",""0"",""1"""
"2024/11/06 2:45:57 PM GMT+1,""voyager"",""pluto3"",""3"",""3"",""0"",""4"",""0"",""1"",""0"",""2"""
"2024/11/06 3:02:14 PM GMT+1,""ILLIAC"",""G17P1"",""1"",""2"",""3"",""1"",""1"",""3"",""3"",""0"""
"2024/11/06 3:07:52 PM GMT+1,""ALICE"",""G17P1"",""3"",""3"",""1"",""1"",""1"",""1"",""2"",""2"""
"2024/11/06 3:13:30 PM GMT+1,""VOYAGER"",""G17P1"",""1"",""3"",""3"",""2"",""2"",""1"",""1"",""0"""
"2024/11/06 3:21:11 PM GMT+1,""G17P1"",""CYSP"",""1"",""1"",""3"",""3"",""3"",""3"",""0"",""0"""
"2024/11/06 3:32:58 PM GMT+1,""CYSP"",""12345678"",""4"",""4"",""1"",""0"",""0"",""2"",""4"",""1"""
"2024/11/06 3:40:26 PM GMT+1,""ALICE"",""12345678"",""2"",""4"",""1"",""0"",""0"",""1"",""4"",""0"""
"2024/11/06 3:42:21 PM GMT+1,""VOYAGER"",""g17p2"",""2"",""3"",""2"",""4"",""2"",""3"",""1"",""1"""
"2024/11/06 3:47:35 PM GMT+1,""CYSP"",""g17p2"",""2"",""3"",""2"",""4"",""1"",""2"",""1"",""1"""
"2024/11/06 3:48:50 PM GMT+1,""voyager"",""12345678"",""2"",""2"",""2"",""3"",""1"",""2"",""1"",""0"""
"2024/11/06 3:49:59 PM GMT+1,""VOYAGER"",""G17P3"",""3"",""1"",""1"",""4"",""1"",""2"",""0"",""0"""
"2024/11/06 3:53:33 PM GMT+1,""ILLIAC"",""g17p2"",""3"",""3"",""2"",""2"",""1"",""2"",""3"",""2"""
"2024/11/06 3:58:20 PM GMT+1,""ILLIAC"",""gr2-2"",""1"",""2"",""3"",""0"",""2"",""4"",""0"",""1"""
"2024/11/06 3:59:06 PM GMT+1,""CYSP"",""G17P3"",""1"",""0"",""3"",""3"",""3"",""3"",""0"",""0"""
"2024/11/06 4:02:56 PM GMT+1,""ALICE"",""g17p2"",""2"",""3"",""2"",""3"",""3"",""2"",""1"",""1"""
"2024/11/06 4:04:23 PM GMT+1,""CYSP"",""gr2-2"",""3"",""4"",""1"",""0"",""0"",""1"",""2"",""2"""
"2024/11/06 4:04:32 PM GMT+1,""ALICE"",""G17P3"",""2"",""1"",""1"",""3"",""2"",""1"",""0"",""0"""
"2024/11/06 4:11:18 PM GMT+1,""VOYAGER"",""gr2-2"",""1"",""1"",""4"",""3"",""3"",""3"",""0"",""0"""
"2024/11/06 4:13:39 PM GMT+1,""ILLIAC"",""G17P3"",""2"",""3"",""1"",""2"",""1"",""2"",""1"",""1"""
"2024/11/06 4:15:17 PM GMT+1,""1"",""torham"",""2"",""1"",""2"",""1"",""1"",""3"",""3"",""0"""
"2024/11/06 4:18:24 PM GMT+1,""3"",""torham"",""2"",""3"",""2"",""1"",""2"",""2"",""1"",""0"""
"2024/11/06 4:21:34 PM GMT+1,""3"",""torham"",""2"",""2"",""3"",""3"",""3"",""2"",""2"",""1"""
"2024/11/06 4:37:27 PM GMT+1,""CYSP"",""MMM"",""0"",""4"",""0"",""0"",""0"",""0"",""0"",""3"""
"2024/11/06 4:42:52 PM GMT+1,""ILLIAC"",""sigvebl"",""2"",""3"",""2"",""2"",""1"",""2"",""2"",""1"""
"2024/11/06 4:49:57 PM GMT+1,""ALICE"",""sigvebl"",""1"",""2"",""3"",""2"",""2"",""3"",""1"",""1"""
"2024/11/06 4:56:02 PM GMT+1,""CYSP"",""sigvebl"",""3"",""2"",""1"",""2"",""1"",""1"",""1"",""3"""
"2024/11/06 5:03:03 PM GMT+1,""CYSP"",""sigvebl"",""3"",""2"",""1"",""2"",""1"",""1"",""2"",""3"""
"2024/11/06 5:20:05 PM GMT+1,""VOYAGER"",""group19_1"",""3"",""3"",""1"",""0"",""0"",""2"",""4"",""4"""
"2024/11/06 5:26:40 PM GMT+1,""ILLIAC"",""group19_1"",""4"",""3"",""2"",""0"",""0"",""1"",""3"",""4"""
"2024/11/06 5:31:57 PM GMT+1,""ALICE"",""group19_1"",""4"",""3"",""0"",""2"",""0"",""2"",""1"",""4"""
"2024/11/06 5:40:15 PM GMT+1,""CYSP"",""group19_1"",""4"",""2"",""1"",""0"",""0"",""1"",""2"",""4"""
"2024/11/06 6:05:21 PM GMT+1,""VOYAGER"",""group19_2"",""4"",""3"",""0"",""0"",""0"",""0"",""0"",""0"""
"2024/11/06 6:07:01 PM GMT+1,""ILLIAC"",""G17P4"",""3"",""1"",""1"",""3"",""1"",""1"",""0"",""0"""
"2024/11/06 6:10:02 PM GMT+1,""ILLIAC"",""group19_2"",""1"",""4"",""0"",""0"",""0"",""3"",""1"",""0"""
"2024/11/06 6:14:12 PM GMT+1,""ALICE"",""group19_2"",""3"",""3"",""2"",""2"",""0"",""0"",""0"",""0"""
"2024/11/06 6:15:11 PM GMT+1,""CYSP"",""G17P4"",""4"",""2"",""1"",""2"",""2"",""1"",""0"",""0"""
"2024/11/06 6:19:33 PM GMT+1,""CYSP"",""group19_2"",""2"",""3"",""1"",""2"",""2"",""0"",""0"",""0"""
"2024/11/06 6:22:45 PM GMT+1,""VOYAGER"",""G17P4"",""1"",""0"",""2"",""3"",""2"",""1"",""0"",""2"""
"2024/11/06 6:32:11 PM GMT+1,""CYSP"",""G174P"",""1"",""2"",""2"",""3"",""2"",""2"",""0"",""2"""
"2024/11/06 6:45:46 PM GMT+1,""CYSP"",""G17P5"",""4"",""4"",""0"",""0"",""0"",""0"",""0"",""2"""
"2024/11/06 6:53:40 PM GMT+1,""ALICE"",""G17P5"",""2"",""2"",""1"",""1"",""1"",""1"",""0"",""0"""
"2024/11/06 6:56:53 PM GMT+1,""1"",""9683b13d8a1ae94ab13c1f581f10267ac2ce8dcba1e97732f6a903c030732f83"",""3"",""0"",""1"",""3"",""1"",""2"",""0"",""0"""
"2024/11/06 7:01:08 PM GMT+1,""ILLIAC"",""G17P5"",""1"",""0"",""0"",""0"",""1"",""0"",""0"",""0"""
"2024/11/06 7:01:22 PM GMT+1,""2"",""9683b13d8a1ae94ab13c1f581f10267ac2ce8dcba1e97732f6a903c030732f83"",""4"",""1"",""0"",""4"",""0"",""0"",""0"",""0"""
"2024/11/06 7:01:24 PM GMT+1,""ALICE"",""group15a"",""4"",""4"",""0"",""2"",""0"",""1"",""0"",""4"""
"2024/11/06 7:03:01 PM GMT+1,""3"",""9683b13d8a1ae94ab13c1f581f10267ac2ce8dcba1e97732f6a903c030732f83"",""4"",""0"",""0"",""4"",""0"",""0"",""0"",""0"""
"2024/11/06 7:06:08 PM GMT+1,""ILLIAC"",""group15a"",""4"",""4"",""0"",""3"",""0"",""1"",""0"",""4"""
"2024/11/06 7:06:17 PM GMT+1,""4"",""9683b13d8a1ae94ab13c1f581f10267ac2ce8dcba1e97732f6a903c030732f83"",""4"",""2"",""0"",""3"",""0"",""0"",""0"",""0"""
"2024/11/06 7:10:05 PM GMT+1,""VOYAGER"",""G17P5"",""3"",""2"",""1"",""1"",""1"",""0"",""0"",""0"""
"2024/11/06 7:10:45 PM GMT+1,""CYSP"",""group15a"",""4"",""4"",""0"",""1"",""0"",""0"",""1"",""4"""
"2024/11/06 7:18:24 PM GMT+1,""1"",""f7a1b71e617c1d65b45795244b353644ba6deadf5f6c4dfc477a13e459762068"",""0"",""0"",""2"",""2"",""2"",""2"",""0"",""0"""
"2024/11/06 7:21:18 PM GMT+1,""2"",""f7a1b71e617c1d65b45795244b353644ba6deadf5f6c4dfc477a13e459762068"",""3"",""3"",""1"",""2"",""1"",""1"",""0"",""0"""
"2024/11/06 7:23:21 PM GMT+1,""3"",""f7a1b71e617c1d65b45795244b353644ba6deadf5f6c4dfc477a13e459762068"",""4"",""2"",""0"",""2"",""2"",""0"",""0"",""0"""
"2024/11/06 7:26:31 PM GMT+1,""4"",""f7a1b71e617c1d65b45795244b353644ba6deadf5f6c4dfc477a13e459762068"",""4"",""2"",""0"",""2"",""1"",""0"",""0"",""0"""
"2024/11/06 7:31:27 PM GMT+1,""1"",""1767f7d3d4f6df72966e256344518834a6a02c1974338e9993dac2fae82805bd"",""4"",""4"",""0"",""0"",""0"",""0"",""0"",""0"""
"2024/11/06 7:32:58 PM GMT+1,""2"",""1767f7d3d4f6df72966e256344518834a6a02c1974338e9993dac2fae82805bd"",""4"",""4"",""0"",""0"",""0"",""0"",""0"",""0"""
"2024/11/06 7:34:44 PM GMT+1,""3"",""1767f7d3d4f6df72966e256344518834a6a02c1974338e9993dac2fae82805bd"",""4"",""4"",""0"",""0"",""0"",""0"",""0"",""1"""
"2024/11/06 7:37:08 PM GMT+1,""4"",""1767f7d3d4f6df72966e256344518834a6a02c1974338e9993dac2fae82805bd"",""4"",""4"",""0"",""0"",""0"",""0"",""1"",""2"""
"2024/11/06 7:44:37 PM GMT+1,""ALICE"",""group19_3"",""2"",""1"",""2"",""3"",""2"",""1"",""1"",""2"""
"2024/11/06 7:49:28 PM GMT+1,""VOYAGER"",""group19_3"",""3"",""2"",""1"",""2"",""1"",""1"",""0"",""2"""
"2024/11/06 7:54:10 PM GMT+1,""ILLIAC"",""group19_3"",""1"",""1"",""3"",""2"",""4"",""3"",""1"",""1"""
"2024/11/06 8:04:20 PM GMT+1,""CYSP"",""group19_3"",""1"",""0"",""3"",""3"",""3"",""2"",""1"",""2"""
"2024/11/06 8:04:49 PM GMT+1,""CYSP"",""Shatha"",""3"",""1"",""4"",""4"",""4"",""3"",""0"",""0"""
"2024/11/06 8:05:55 PM GMT+1,""ILLIAC"",""dogdt1"",""1"",""3"",""3"",""2"",""1"",""3"",""2"",""1"""
"2024/11/06 8:13:43 PM GMT+1,""ILLIAC"",""Aram"",""4"",""1"",""3"",""4"",""3"",""3"",""3"",""1"""
"2024/11/06 8:14:12 PM GMT+1,""ALLICE"",""dogdt1"",""0"",""0"",""4"",""4"",""4"",""3"",""0"",""1"""
"2024/11/06 8:23:09 PM GMT+1,""VOYAGER"",""kenanha"",""4"",""0"",""4"",""4"",""3"",""3"",""0"",""0"""
"2024/11/06 8:40:47 PM GMT+1,""VOYAGER"",""Aos"",""1"",""0"",""3"",""4"",""2"",""2"",""0"",""3"""
"2024/11/06 8:42:15 PM GMT+1,""CYSP"",""Aos"",""0"",""0"",""4"",""4"",""3"",""2"",""0"",""2"""
"2024/11/06 8:46:08 PM GMT+1,""ALICE"",""Aos"",""0"",""0"",""4"",""4"",""4"",""2"",""0"",""0"""
"2024/11/06 10:03:57 PM GMT+1,""iliac"",""hallachief"",""3"",""2"",""3"",""1"",""3"",""4"",""4"",""3"""
"2024/11/06 10:09:14 PM GMT+1,""CYSP"",""hallachief"",""4"",""3"",""1"",""2"",""2"",""3"",""1"",""4"""
"2024/11/06 10:15:14 PM GMT+1,""VOYAGER"",""hallachief"",""4"",""4"",""0"",""1"",""1"",""1"",""2"",""3"""
"2024/11/06 10:22:00 PM GMT+1,""ALICE"",""hallachief"",""3"",""2"",""0"",""1"",""1"",""2"",""2"",""3"""
"2024/11/07 9:44:14 AM GMT+1,""ALICE"",""fastturtle"",""1"",""0"",""3"",""4"",""3"",""3"",""0"",""0"""
"2024/11/07 9:48:34 AM GMT+1,""CYSP"",""fastturtle"",""1"",""0"",""3"",""3"",""3"",""3"",""0"",""0"""
"2024/11/07 9:53:07 AM GMT+1,""VOYAGER"",""fastturtle"",""1"",""0"",""3"",""3"",""3"",""3"",""0"",""0"""
"2024/11/07 9:58:36 AM GMT+1,""ILLIAC"",""fastturtle"",""0"",""1"",""3"",""4"",""3"",""3"",""0"",""0"""
"2024/11/07 2:17:44 PM GMT+1,""voyager"",""kuromitest"",""1"",""0"",""2"",""3"",""3"",""4"",""2"",""0"""
"2024/11/07 2:25:28 PM GMT+1,""alice"",""kuromitest"",""3"",""2"",""1"",""2"",""1"",""2"",""0"",""3"""
"2024/11/07 2:59:12 PM GMT+1,""ILLIAC"",""G17P6"",""2"",""2"",""1"",""4"",""3"",""2"",""0"",""1"""
"2024/11/07 3:03:42 PM GMT+1,""CYSP"",""G17P6"",""2"",""1"",""1"",""3"",""3"",""2"",""0"",""1"""
"2024/11/07 3:07:42 PM GMT+1,""ALICE"",""G17P6"",""2"",""1"",""2"",""3"",""2"",""1"",""0"",""1"""
"2024/11/07 3:14:55 PM GMT+1,""VOYAGER"",""G17P6"",""2"",""0"",""2"",""3"",""2"",""0"",""0"",""2"""
"2024/11/07 8:28:59 PM GMT+1,""VOYAGER"",""group21-13"",""1"",""4"",""2"",""0"",""0"",""3"",""0"",""0"""
"2024/11/07 8:37:35 PM GMT+1,""CYSP"",""group21-13"",""0"",""4"",""3"",""0"",""1"",""4"",""0"",""0"""
"2024/11/07 8:45:24 PM GMT+1,""ILLIAC"",""group21-13"",""2"",""4"",""0"",""0"",""0"",""0"",""1"",""2"""
"2024/11/07 8:55:19 PM GMT+1,""ALICE"",""group21-13"",""0"",""2"",""4"",""0"",""4"",""3"",""1"",""0"""
"2024/11/07 9:21:21 PM GMT+1,""voyager"",""group15d"",""2"",""3"",""1"",""1"",""1"",""3"",""1"",""3"""
"2024/11/07 9:26:03 PM GMT+1,""alice"",""group15d"",""0"",""1"",""3"",""1"",""2"",""2"",""3"",""2"""
"2024/11/07 9:29:06 PM GMT+1,""VOYAGER"",""Aram"",""2"",""2"",""3"",""3"",""3"",""3"",""1"",""1"""
"2024/11/07 9:30:36 PM GMT+1,""cysp"",""group15d"",""0"",""4"",""2"",""1"",""1"",""1"",""3"",""2"""
"2024/11/07 9:35:44 PM GMT+1,""illiac"",""group15d"",""1"",""3"",""3"",""0"",""1"",""1"",""3"",""2"""
"2024/11/07 9:36:58 PM GMT+1,""ILLIAD"",""Aram"",""3"",""3"",""2"",""2"",""3"",""4"",""1"",""1"""
"2024/11/07 9:51:31 PM GMT+1,""ALICE"",""Aram"",""3"",""1"",""2"",""2"",""2"",""2"",""2"",""1"""
"2024/11/07 10:53:10 PM GMT+1,""ILLIAC"",""group15b"",""4"",""4"",""0"",""0"",""0"",""0"",""3"",""4"""
"2024/11/07 10:57:31 PM GMT+1,""VOYAGER"",""group15b"",""4"",""4"",""0"",""0"",""0"",""0"",""2"",""4"""
"2024/11/07 11:01:58 PM GMT+1,""ALICE"",""group15b"",""4"",""4"",""0"",""2"",""0"",""0"",""0"",""4"""
"2024/11/08 12:36:21 PM GMT+1,""dogdt2"",""ALICE"",""4"",""0"",""1"",""3"",""0"",""0"",""0"",""2"""
"2024/11/08 12:44:25 PM GMT+1,""CYSP"",""dogdt2"",""1"",""0"",""0"",""0"",""0"",""0"",""4"",""3"""
"2024/11/08 12:53:01 PM GMT+1,""VOYAGER"",""dogdt2"",""4"",""3"",""0"",""1"",""0"",""0"",""2"",""4"""
"2024/11/08 12:59:31 PM GMT+1,""group15e"",""illiac"",""1"",""3"",""1"",""4"",""2"",""3"",""1"",""1"""
"2024/11/08 1:03:45 PM GMT+1,""ILLIAC"",""dogdt2"",""4"",""4"",""0"",""1"",""0"",""0"",""0"",""4"""
"2024/11/08 1:03:50 PM GMT+1,""voyager"",""group15e"",""1"",""1"",""3"",""3"",""4"",""4"",""1"",""0"""
"2024/11/08 1:06:17 PM GMT+1,""Crysp"",""Grugru"",""0"",""0"",""3"",""4"",""3"",""4"",""0"",""0"""
"2024/11/08 1:07:48 PM GMT+1,""alice"",""group15e"",""0"",""0"",""3"",""4"",""3"",""4"",""1"",""0"""
"2024/11/08 1:12:40 PM GMT+1,""cysp"",""group15e"",""1"",""0"",""3"",""4"",""2"",""3"",""0"",""1"""
"2024/11/08 1:13:43 PM GMT+1,""VOYAGER"",""Grugru"",""0"",""0"",""3"",""3"",""2"",""4"",""0"",""0"""
"2024/11/08 1:25:31 PM GMT+1,""VOYAGER"",""exfac"",""0"",""2"",""2"",""4"",""1"",""3"",""0"",""0"""
"2024/11/08 1:25:46 PM GMT+1,""ALICE"",""Grugru"",""1"",""0"",""4"",""3"",""4"",""3"",""0"",""1"""
"2024/11/08 1:26:39 PM GMT+1,""ILLIAC"",""dogdt3"",""0"",""1"",""3"",""2"",""3"",""4"",""1"",""0"""
"2024/11/08 1:30:41 PM GMT+1,""ILLIAC"",""Grugru"",""0"",""1"",""3"",""2"",""3"",""4"",""2"",""0"""
"2024/11/08 1:31:23 PM GMT+1,""CYSP"",""exfac"",""1"",""1"",""2"",""4"",""4"",""4"",""1"",""0"""
"2024/11/08 1:32:10 PM GMT+1,""ALICE"",""burger1"",""2"",""3"",""0"",""0"",""1"",""4"",""2"",""0"""
"2024/11/08 1:34:28 PM GMT+1,""CYSP"",""dogdt3"",""0"",""0"",""2"",""3"",""3"",""4"",""1"",""0"""
"2024/11/08 1:37:17 PM GMT+1,""ILLIAC"",""exfac"",""2"",""3"",""2"",""4"",""1"",""3"",""0"",""0"""
"2024/11/08 1:40:34 PM GMT+1,""VOYAGER"",""burger1"",""4"",""4"",""0"",""0"",""0"",""1"",""0"",""0"""
"2024/11/08 1:43:14 PM GMT+1,""VOYAGER"",""dogdt3"",""2"",""0"",""2"",""4"",""3"",""4"",""0"",""2"""
"2024/11/08 1:43:15 PM GMT+1,""Grugru2"",""Alice"",""4"",""0"",""1"",""1"",""1"",""1"",""2"",""2"""
"2024/11/08 1:45:10 PM GMT+1,""ALICE"",""exfac"",""0"",""1"",""3"",""4"",""1"",""2"",""0"",""0"""
"2024/11/08 1:47:34 PM GMT+1,""ILLIAC"",""Grugru2"",""4"",""2"",""0"",""0"",""0"",""0"",""1"",""3"""
"2024/11/08 1:48:04 PM GMT+1,""ILLIAC"",""burger1"",""0"",""1"",""4"",""0"",""3"",""4"",""0"",""0"""
"2024/11/08 1:51:37 PM GMT+1,""CYSP"",""Grugru2"",""4"",""3"",""0"",""0"",""0"",""0"",""0"",""3"""
"2024/11/08 1:54:15 PM GMT+1,""ALICE"",""dogdt3"",""0"",""0"",""3"",""3"",""4"",""4"",""0"",""0"""
"2024/11/08 1:55:48 PM GMT+1,""CYSP"",""burger1"",""2"",""4"",""1"",""0"",""0"",""4"",""0"",""0"""
"2024/11/08 1:57:50 PM GMT+1,""ALICE"",""Grugru2"",""4"",""3"",""0"",""0"",""0"",""0"",""0"",""4"""
"2024/11/08 2:03:55 PM GMT+1,""VOYAGER"",""Grugru2"",""4"",""4"",""0"",""0"",""0"",""0"",""0"",""0"""
"2024/11/08 2:13:44 PM GMT+1,""ILLIAC"",""Grugru3"",""1"",""1"",""2"",""2"",""1"",""3"",""0"",""2"""
"2024/11/08 2:19:37 PM GMT+1,""VOYAGER"",""group19_4"",""3"",""0"",""1"",""1"",""0"",""2"",""0"",""0"""
"2024/11/08 2:20:08 PM GMT+1,""VOYAGER"",""gr13-knh1"",""2"",""0"",""2"",""1"",""2"",""3"",""1"",""0"""
"2024/11/08 2:21:57 PM GMT+1,""Voyager"",""Grugru3"",""3"",""1"",""2"",""2"",""1"",""1"",""0"",""2"""
"2024/11/08 2:25:21 PM GMT+1,""CYSP"",""group19_4"",""3"",""2"",""0"",""0"",""1"",""1"",""0"",""2"""
"2024/11/08 2:26:19 PM GMT+1,""ILLIAC"",""Grugru3"",""3"",""0"",""1"",""2"",""1"",""1"",""0"",""1"""
"2024/11/08 2:27:59 PM GMT+1,""ILLIAC"",""gr13-knh1"",""0"",""0"",""2"",""3"",""3"",""3"",""0"",""0"""
"2024/11/08 2:30:32 PM GMT+1,""ILLIAC"",""group19_4"",""4"",""2"",""0"",""1"",""0"",""0"",""0"",""4"""
"2024/11/08 2:34:16 PM GMT+1,""ALICE"",""Grugru3"",""4"",""0"",""0"",""1"",""0"",""1"",""0"",""1"""
"2024/11/08 2:35:55 PM GMT+1,""CYSP"",""gr13-knh1"",""1"",""0"",""1"",""2"",""1"",""1"",""0"",""2"""
"2024/11/08 2:40:40 PM GMT+1,""ALICE"",""gr9-08-11-1423"",""1"",""2"",""3"",""1"",""1"",""3"",""0"",""0"""
"2024/11/08 2:47:54 PM GMT+1,""CYSP"",""gr9-08-11-1423"",""2"",""1"",""1"",""1"",""1"",""2"",""0"",""0"""
"2024/11/08 2:50:09 PM GMT+1,""ALICE"",""gr13-knh1"",""2"",""3"",""1"",""3"",""1"",""1"",""0"",""2"""
"2024/11/08 2:55:01 PM GMT+1,""ILLIAC"",""gr9-08-11-1423"",""1"",""1"",""3"",""1"",""2"",""3"",""0"",""0"""
"2024/11/08 3:04:20 PM GMT+1,""VOYAGER"",""gr9-08-11-1423"",""3"",""2"",""1"",""1"",""1"",""2"",""0"",""0"""
"2024/11/08 3:04:45 PM GMT+1,""VOYAGER"",""group19_5"",""4"",""3"",""0"",""2"",""0"",""0"",""0"",""1"""
"2024/11/08 3:11:38 PM GMT+1,""CYSP"",""group19_5"",""4"",""3"",""1"",""2"",""0"",""1"",""0"",""1"""
"2024/11/08 3:17:05 PM GMT+1,""ILLIAC"",""group19_5"",""3"",""3"",""1"",""2"",""0"",""0"",""0"",""1"""
"2024/11/08 3:17:22 PM GMT+1,""ALICE"",""group19_6"",""3"",""0"",""2"",""2"",""2"",""3"",""0"",""1"""
"2024/11/08 3:18:29 PM GMT+1,""cysp"",""group15f"",""2"",""1"",""1"",""1"",""1"",""2"",""0"",""2"""
"2024/11/08 3:22:20 PM GMT+1,""CYSP"",""group19_6"",""0"",""0"",""3"",""2"",""2"",""3"",""0"",""1"""
"2024/11/08 3:22:28 PM GMT+1,""illiac"",""group15f"",""0"",""1"",""3"",""0"",""1"",""2"",""1"",""1"""
"2024/11/08 3:26:19 PM GMT+1,""alice"",""group15f"",""1"",""0"",""3"",""2"",""3"",""3"",""2"",""0"""
"2024/11/08 3:26:46 PM GMT+1,""VOYAGER"",""group19_6"",""4"",""2"",""0"",""2"",""1"",""1"",""1"",""1"""
"2024/11/08 3:31:12 PM GMT+1,""voyager"",""group15f"",""3"",""2"",""0"",""2"",""0"",""1"",""1"",""2"""
"2024/11/08 3:32:35 PM GMT+1,""ILLIAC"",""group19_6"",""1"",""2"",""3"",""1"",""2"",""2"",""3"",""2"""
"2024/11/08 4:45:44 PM GMT+1,""VOYAGER"",""16_s_1"",""3"",""1"",""1"",""2"",""2"",""2"",""0"",""0"""
"2024/11/08 4:51:04 PM GMT+1,""ALICE"",""16_s_1"",""1"",""2"",""2"",""2"",""3"",""3"",""1"",""1"""
"2024/11/08 4:56:44 PM GMT+1,""CYSP"",""16_s_1"",""2"",""3"",""2"",""1"",""1"",""2"",""2"",""0"""
"2024/11/08 5:05:33 PM GMT+1,""ILLIAC"",""16_s_1"",""3"",""4"",""1"",""1"",""1"",""1"",""3"",""3"""
"2024/11/08 5:42:53 PM GMT+1,""voyager"",""grp3_a"",""1"",""2"",""1"",""3"",""1"",""3"",""0"",""1"""
"2024/11/08 5:50:01 PM GMT+1,""alice"",""grp3_a"",""2"",""1"",""2"",""3"",""3"",""2"",""1"",""2"""
"2024/11/08 5:57:22 PM GMT+1,""cysp"",""grp3_a"",""2"",""1"",""2"",""1"",""2"",""2"",""1"",""2"""
"2024/11/08 6:04:44 PM GMT+1,""illiac"",""grp3_a"",""1"",""3"",""2"",""1"",""1"",""2"",""2"",""1"""
"2024/11/08 6:08:48 PM GMT+1,""CYSP"",""gr9-08-11-1738"",""2"",""1"",""2"",""0"",""0"",""4"",""0"",""0"""
"2024/11/08 6:21:29 PM GMT+1,""ALICE"",""gr9-08-11-1738"",""0"",""4"",""1"",""0"",""0"",""3"",""0"",""0"""
"2024/11/08 6:33:00 PM GMT+1,""ILLIAC"",""gr9-08-11-1738"",""0"",""4"",""3"",""0"",""0"",""2"",""0"",""0"""
"2024/11/08 6:47:15 PM GMT+1,""VOYAGER"",""gr9-08-11-1738"",""1"",""4"",""1"",""0"",""0"",""3"",""2"",""0"""
"2024/11/08 7:02:35 PM GMT+1,""cysp"",""GR13_Leverpostei"",""1"",""1"",""3"",""2"",""2"",""4"",""1"",""0"""
"2024/11/08 7:06:40 PM GMT+1,""Alice"",""GR13_Leverpostei"",""1"",""0"",""3"",""3"",""2"",""3"",""0"",""0"""
"2024/11/08 7:10:42 PM GMT+1,""Cysp"",""GR13_Leverpostei"",""1"",""0"",""3"",""3"",""2"",""3"",""0"",""0"""
"2024/11/08 7:35:53 PM GMT+1,""VOYAGER"",""GR!#_Brødskive"",""1"",""2"",""2"",""2"",""1"",""2"",""1"",""2"""
"2024/11/09 11:44:04 AM GMT+1,""VOYAGER"",""dogdt4"",""3"",""2"",""0"",""1"",""1"",""2"",""0"",""0"""
"2024/11/09 11:55:26 AM GMT+1,""ILLIAC"",""dogdt4"",""0"",""0"",""3"",""2"",""3"",""3"",""0"",""0"""
"2024/11/09 12:00:06 PM GMT+1,""ALICE"",""dogdt4"",""1"",""1"",""0"",""1"",""0"",""1"",""0"",""2"""
"2024/11/09 12:06:57 PM GMT+1,""CYSP"",""dogdt4"",""2"",""2"",""1"",""1"",""1"",""1"",""0"",""1"""
"2024/11/09 12:07:36 PM GMT+1,""1"",""16_01"",""0"",""2"",""3"",""3"",""3"",""4"",""0"",""0"""
"2024/11/09 12:15:01 PM GMT+1,""2"",""16_01"",""0"",""1"",""3"",""4"",""2"",""4"",""0"",""0"""
"2024/11/09 12:22:00 PM GMT+1,""3"",""16_01"",""0"",""1"",""3"",""2"",""2"",""4"",""0"",""0"""
"2024/11/09 3:11:51 PM GMT+1,""CYSP"",""burger2"",""1"",""1"",""3"",""2"",""2"",""3"",""1"",""1"""
"2024/11/09 3:17:24 PM GMT+1,""ILLIAC"",""burger2"",""1"",""1"",""3"",""3"",""2"",""3"",""1"",""1"""
"2024/11/09 3:25:16 PM GMT+1,""ALICE"",""burger2"",""3"",""2"",""1"",""2"",""1"",""1"",""1"",""1"""
"2024/11/09 3:32:22 PM GMT+1,""VOYAGER"",""burger2"",""4"",""3"",""1"",""2"",""0"",""1"",""1"",""3"""
"2024/11/09 4:21:51 PM GMT+1,""ILLIAC"",""dogdt5"",""2"",""2"",""1"",""2"",""2"",""3"",""1"",""1"""
"2024/11/09 4:30:43 PM GMT+1,""VOYAGER"",""dogdt5"",""3"",""2"",""1"",""2"",""1"",""1"",""1"",""3"""
"2024/11/09 4:37:32 PM GMT+1,""ALICE"",""dogdt5"",""2"",""2"",""2"",""2"",""2"",""2"",""1"",""1"""
"2024/11/09 4:44:53 PM GMT+1,""CYSP"",""dogdt5"",""1"",""1"",""3"",""3"",""2"",""2"",""1"",""2"""
"2024/11/09 5:40:57 PM GMT+1,""ILLIAC"",""gr21-1011"",""3"",""3"",""1"",""2"",""0"",""3"",""2"",""0"""
"2024/11/09 5:49:57 PM GMT+1,""ALICE"",""gr21-1011"",""1"",""3"",""2"",""2"",""1"",""2"",""2"",""0"""
"2024/11/09 5:57:31 PM GMT+1,""CYSP"",""gr21-1011"",""2"",""4"",""0"",""0"",""0"",""2"",""4"",""2"""
"2024/11/09 6:02:55 PM GMT+1,""VOYAGER"",""gr21-1011"",""2"",""3"",""0"",""0"",""0"",""2"",""2"",""2"""
"2024/11/10 11:33:49 AM GMT+1,""VOYAGER"",""dogdt6"",""1"",""3"",""1"",""1"",""0"",""2"",""0"",""0"""
"2024/11/10 11:44:51 AM GMT+1,""ILLIAC"",""dogdt6"",""2"",""3"",""2"",""1"",""1"",""2"",""2"",""1"""
"2024/11/10 11:50:25 AM GMT+1,""ALICE"",""dogdt6"",""1"",""2"",""2"",""0"",""0"",""2"",""0"",""1"""
"2024/11/10 11:54:33 AM GMT+1,""VOYAGER"",""gr14.1"",""1"",""3"",""4"",""1"",""4"",""4"",""0"",""0"""
"2024/11/10 12:03:17 PM GMT+1,""ILLIAC"",""gr14.1"",""1"",""0"",""3"",""3"",""4"",""4"",""0"",""1"""
"2024/11/10 12:05:11 PM GMT+1,""CYSP"",""dogdt6"",""1"",""0"",""1"",""0"",""0"",""1"",""1"",""2"""
"2024/11/10 12:10:39 PM GMT+1,""ALICE"",""gr14.1"",""0"",""0"",""4"",""3"",""4"",""3"",""0"",""0"""
"2024/11/10 12:18:09 PM GMT+1,""CYSP"",""gr14.1"",""0"",""0"",""4"",""2"",""4"",""4"",""0"",""0"""
"2024/11/10 12:55:43 PM GMT+1,""cysp"",""Grp3_b"",""0"",""1"",""1"",""1"",""2"",""3"",""2"",""0"""
"2024/11/10 1:02:49 PM GMT+1,""voyager"",""grp3_b"",""0"",""0"",""2"",""2"",""3"",""3"",""1"",""0"""
"2024/11/10 1:10:31 PM GMT+1,""illiac"",""grp3_b"",""2"",""0"",""2"",""2"",""2"",""2"",""0"",""0"""
"2024/11/10 1:18:19 PM GMT+1,""alice"",""grp3_b"",""1"",""2"",""1"",""2"",""1"",""2"",""0"",""1"""
"2024/11/10 1:28:31 PM GMT+1,""ILLIAC"",""group8_participant4"",""4"",""3"",""0"",""0"",""0"",""0"",""1"",""0"""
"2024/11/10 1:34:27 PM GMT+1,""CYSP"",""group8_participant4"",""4"",""3"",""0"",""0"",""0"",""0"",""2"",""0"""
"2024/11/10 1:39:27 PM GMT+1,""VOYAGER"",""group8_participant4"",""4"",""3"",""0"",""0"",""0"",""0"",""2"",""0"""
"2024/11/10 1:43:41 PM GMT+1,""ALICE"",""group8_participant4"",""4"",""3"",""0"",""0"",""0"",""0"",""2"",""0"""
"2024/11/10 1:52:29 PM GMT+1,""CYSP"",""group8_participant5"",""3"",""3"",""0"",""0"",""0"",""1"",""4"",""1"""
"2024/11/10 1:56:58 PM GMT+1,""ALICE"",""group8_participant5"",""3"",""4"",""0"",""0"",""1"",""0"",""4"",""0"""
"2024/11/10 2:01:14 PM GMT+1,""ILLIAC"",""group8_participant5"",""4"",""4"",""0"",""0"",""1"",""1"",""4"",""0"""
"2024/11/10 2:06:02 PM GMT+1,""VOYAGER"",""group8_participant5"",""3"",""4"",""0"",""0"",""1"",""0"",""3"",""0"""
"2024/11/10 2:16:33 PM GMT+1,""ILLIAC"",""g4_h5"",""1"",""4"",""0"",""0"",""0"",""1"",""2"",""4"""
"2024/11/10 2:16:40 PM GMT+1,""ALICE"",""group8_participant6"",""2"",""3"",""2"",""0"",""2"",""3"",""3"",""0"""
"2024/11/10 2:21:50 PM GMT+1,""VOYAGER"",""g4_h5"",""3"",""2"",""2"",""2"",""1"",""1"",""0"",""2"""
"2024/11/10 2:23:26 PM GMT+1,""group18_j1_1"",""group18_j1"",""2"",""4"",""2"",""0"",""1"",""3"",""0"",""0"""
"2024/11/10 2:23:46 PM GMT+1,""VOYAGER"",""group8_participant6"",""1"",""2"",""2"",""1"",""2"",""3"",""2"",""0"""
"2024/11/10 2:26:35 PM GMT+1,""CYSP"",""g4_h5"",""2"",""1"",""3"",""2"",""2"",""3"",""0"",""1"""
"2024/11/10 2:27:36 PM GMT+1,""group18_j1_2"",""group18_j1"",""3"",""2"",""1"",""1"",""1"",""2"",""0"",""1"""
"2024/11/10 2:28:22 PM GMT+1,""CYSP"",""group8_participant6"",""2"",""3"",""1"",""1"",""1"",""2"",""2"",""0"""
"2024/11/10 2:31:14 PM GMT+1,""ALICE"",""g4_h5"",""2"",""1"",""1"",""1"",""2"",""2"",""0"",""2"""
"2024/11/10 2:32:03 PM GMT+1,""group18_j1_3"",""group18_j1"",""4"",""3"",""1"",""1"",""0"",""0"",""0"",""2"""
"2024/11/10 2:32:35 PM GMT+1,""CYSP"",""group8_participant6"",""2"",""1"",""2"",""2"",""3"",""1"",""1"",""0"""
"2024/11/10 2:37:48 PM GMT+1,""group18_j1_4"",""group18_j1"",""4"",""4"",""1"",""2"",""0"",""0"",""1"",""1"""
"2024/11/10 4:08:49 PM GMT+1,""CYSP"",""gr9_1011h1547"",""3"",""0"",""1"",""0"",""1"",""1"",""0"",""3"""
"2024/11/10 4:18:29 PM GMT+1,""ILLIAC"",""gr9_1011h1547"",""4"",""0"",""0"",""0"",""0"",""0"",""0"",""4"""
"2024/11/10 4:25:55 PM GMT+1,""ILLIAC"",""burger3"",""1"",""0"",""2"",""2"",""2"",""2"",""0"",""0"""
"2024/11/10 4:27:59 PM GMT+1,""ALICE"",""gr9_1011h1547"",""3"",""0"",""0"",""0"",""0"",""0"",""0"",""4"""
"2024/11/10 4:30:10 PM GMT+1,""ALICE"",""group4.dante.1"",""3"",""3"",""1"",""1"",""0"",""2"",""2"",""2"""
"2024/11/10 4:31:09 PM GMT+1,""voyager"",""grp3_c"",""1"",""0"",""3"",""2"",""4"",""3"",""1"",""2"""
"2024/11/10 4:33:38 PM GMT+1,""VOYAGER"",""burger3"",""1"",""0"",""2"",""2"",""2"",""2"",""0"",""0"""
"2024/11/10 4:34:50 PM GMT+1,""VOYAGER"",""gr9_1011h1547"",""3"",""0"",""1"",""1"",""0"",""0"",""0"",""4"""
"2024/11/10 4:35:15 PM GMT+1,""VOYAGER"",""group4.dante.1"",""4"",""2"",""2"",""1"",""0"",""1"",""2"",""2"""
"2024/11/10 4:36:43 PM GMT+1,""cysp"",""grp3_c"",""2"",""0"",""3"",""1"",""3"",""2"",""0"",""3"""
"2024/11/10 4:37:48 PM GMT+1,""CYSP"",""dogdt1"",""1"",""1"",""2"",""3"",""1"",""3"",""1"",""1"""
"2024/11/10 4:40:31 PM GMT+1,""ALICE"",""burger3"",""0"",""0"",""3"",""2"",""2"",""3"",""2"",""0"""
"2024/11/10 4:41:35 PM GMT+1,""ILLIAC"",""group4.dante.1"",""1"",""2"",""2"",""2"",""1"",""2"",""1"",""1"""
"2024/11/10 4:42:34 PM GMT+1,""illiac"",""grp3_c"",""1"",""0"",""2"",""3"",""3"",""1"",""0"",""2"""
"2024/11/10 4:47:49 PM GMT+1,""CYSP"",""burger3"",""0"",""0"",""3"",""2"",""2"",""3"",""2"",""0"""
"2024/11/10 4:50:03 PM GMT+1,""Alice"",""grp3_c"",""1"",""0"",""2"",""3"",""3"",""2"",""0"",""3"""
"2024/11/10 4:50:12 PM GMT+1,""VOYAGER"",""dogdt1"",""2"",""1"",""2"",""3"",""3"",""2"",""1"",""2"""
"2024/11/10 4:54:14 PM GMT+1,""CYSP"",""6_1"",""3"",""2"",""0"",""0"",""0"",""1"",""0"",""0"""
"2024/11/10 4:59:54 PM GMT+1,""VOYAGER"",""6_1"",""4"",""3"",""0"",""0"",""0"",""0"",""0"",""2"""
"2024/11/10 5:04:17 PM GMT+1,""ALICE"",""6_1"",""4"",""4"",""0"",""0"",""0"",""0"",""0"",""3"""
"2024/11/10 5:06:47 PM GMT+1,""CYSP"",""g4_i2"",""2"",""0"",""1"",""3"",""2"",""2"",""0"",""1"""
"2024/11/10 5:11:11 PM GMT+1,""VOYAGER"",""g4_i2"",""3"",""3"",""1"",""1"",""0"",""0"",""1"",""2"""
"2024/11/10 5:11:15 PM GMT+1,""cysp"",""GR13_Grønnsak"",""0"",""0"",""2"",""1"",""2"",""3"",""2"",""0"""
"2024/11/10 5:14:59 PM GMT+1,""ILLIAC"",""g4_i2"",""3"",""4"",""1"",""1"",""0"",""0"",""1"",""1"""
"2024/11/10 5:16:02 PM GMT+1,""voyager"",""GR13_Grønnsak"",""0"",""1"",""2"",""1"",""2"",""2"",""1"",""0"""
"2024/11/10 5:18:47 PM GMT+1,""ALICE"",""g4_i2"",""2"",""2"",""2"",""2"",""1"",""2"",""0"",""0"""
"2024/11/10 5:20:06 PM GMT+1,""alice"",""GR13_Grønnsak"",""0"",""0"",""3"",""1"",""2"",""3"",""1"",""0"""
"2024/11/10 5:25:26 PM GMT+1,""ILLIAC"",""GR13_Grønnsak"",""1"",""1"",""2"",""1"",""1"",""2"",""1"",""0"""
"2024/11/10 5:28:49 PM GMT+1,""ALICE"",""gr9_1011h1713"",""0"",""0"",""3"",""2"",""3"",""4"",""0"",""0"""
"2024/11/10 5:37:59 PM GMT+1,""Illiac"",""gr9_1011h1713"",""3"",""2"",""1"",""0"",""1"",""3"",""2"",""0"""
"2024/11/10 5:41:13 PM GMT+1,""CYSP"",""La Cola"",""4"",""4"",""2"",""0"",""0"",""3"",""2"",""2"""
"2024/11/10 5:45:50 PM GMT+1,""Cysp"",""gr9_1011h1713"",""0"",""0"",""4"",""4"",""4"",""4"",""0"",""0"""
"2024/11/10 5:47:27 PM GMT+1,""VOYAGER"",""La Cola"",""3"",""4"",""0"",""0"",""0"",""3"",""2"",""3"""
"2024/11/10 5:52:38 PM GMT+1,""ALICE"",""La Cola"",""4"",""4"",""1"",""0"",""0"",""3"",""3"",""4"""
"2024/11/10 5:56:57 PM GMT+1,""voyager"",""gr9_1011h1713"",""0"",""1"",""4"",""4"",""3"",""4"",""0"",""0"""
"2024/11/10 5:59:19 PM GMT+1,""ILLIAC"",""La Cola"",""4"",""4"",""0"",""0"",""0"",""2"",""1"",""4"""
"2024/11/10 6:15:24 PM GMT+1,""ALICE"",""gr14.2"",""4"",""3"",""3"",""1"",""2"",""3"",""2"",""1"""
"2024/11/10 6:17:03 PM GMT+1,""illiac"",""gr9_1011h1759"",""3"",""1"",""2"",""3"",""1"",""3"",""0"",""3"""
"2024/11/10 6:21:58 PM GMT+1,""CYSP"",""gr14.2"",""2"",""1"",""2"",""1"",""1"",""2"",""0"",""1"""
"2024/11/10 6:25:10 PM GMT+1,""alice"",""gr9_1011h1759"",""1"",""1"",""3"",""3"",""2"",""2"",""0"",""2"""
"2024/11/10 6:29:29 PM GMT+1,""VOYAGER"",""gr14.2"",""3"",""1"",""1"",""0"",""1"",""1"",""0"",""2"""
"2024/11/10 6:32:16 PM GMT+1,""voyager"",""gr9_1011h1759"",""0"",""0"",""3"",""4"",""4"",""4"",""0"",""1"""
"2024/11/10 6:33:01 PM GMT+1,""ILLIAC"",""g4_j1"",""1"",""1"",""2"",""3"",""2"",""1"",""1"",""0"""
"2024/11/10 6:34:06 PM GMT+1,""ILLIAC"",""gr14.2"",""3"",""1"",""1"",""1"",""1"",""0"",""0"",""3"""
"2024/11/10 6:37:03 PM GMT+1,""VOYAGER"",""g4_j1"",""4"",""2"",""1"",""1"",""2"",""1"",""0"",""2"""
"2024/11/10 6:39:55 PM GMT+1,""cysp"",""gr9_1011h1759"",""3"",""2"",""1"",""1"",""1"",""1"",""2"",""1"""
"2024/11/10 6:41:10 PM GMT+1,""ALICE"",""g4_j1"",""2"",""2"",""1"",""2"",""2"",""0"",""1"",""2"""
"2024/11/10 6:45:07 PM GMT+1,""CYSP"",""g4_j1"",""1"",""1"",""2"",""2"",""3"",""3"",""0"",""1"""
"2024/11/10 7:16:46 PM GMT+1,""VOYAGER"",""16_s_2"",""1"",""0"",""1"",""2"",""1"",""2"",""0"",""0"""
"2024/11/10 7:19:43 PM GMT+1,""CYSP"",""gr14.3"",""4"",""4"",""0"",""0"",""0"",""2"",""3"",""0"""
"2024/11/10 7:22:58 PM GMT+1,""CYSP"",""16_s_2"",""2"",""1"",""0"",""4"",""0"",""1"",""0"",""1"""
"2024/11/10 7:24:21 PM GMT+1,""ALICE"",""gr14.3"",""1"",""1"",""0"",""0"",""0"",""0"",""2"",""1"""
"2024/11/10 7:29:22 PM GMT+1,""ILLIAC"",""gr14.3"",""4"",""3"",""0"",""0"",""0"",""0"",""1"",""0"""
"2024/11/10 7:29:30 PM GMT+1,""ALICE"",""16_s_2"",""2"",""1"",""0"",""3"",""2"",""3"",""0"",""0"""
"2024/11/10 7:33:23 PM GMT+1,""VOYAGER"",""gr14.3"",""4"",""4"",""0"",""0"",""0"",""0"",""0"",""0"""
"2024/11/10 7:38:25 PM GMT+1,""ILLIAC"",""16_s_2"",""3"",""1"",""2"",""3"",""4"",""4"",""0"",""2"""
"2024/11/10 7:41:56 PM GMT+1,""1"",""group18_j2"",""2"",""0"",""1"",""3"",""2"",""2"",""0"",""0"""
"2024/11/10 7:48:28 PM GMT+1,""2"",""group18_j2"",""3"",""2"",""1"",""3"",""0"",""0"",""0"",""0"""
"2024/11/10 7:51:09 PM GMT+1,""ILLIAC"",""gr14.4"",""2"",""0"",""2"",""0"",""1"",""2"",""0"",""0"""
"2024/11/10 7:52:23 PM GMT+1,""3"",""group18_j2"",""4"",""2"",""0"",""2"",""0"",""0"",""1"",""1"""
"2024/11/10 7:56:29 PM GMT+1,""CYSP"",""g14.4"",""3"",""0"",""0"",""0"",""0"",""1"",""0"",""0"""
"2024/11/10 8:00:47 PM GMT+1,""4"",""group18_j2"",""4"",""3"",""0"",""2"",""0"",""0"",""1"",""1"""
"2024/11/10 8:02:11 PM GMT+1,""ALICE"",""gr14.4"",""3"",""0"",""0"",""0"",""0"",""0"",""0"",""0"""
"2024/11/10 8:07:26 PM GMT+1,""VOYAGER"",""gr14.4"",""4"",""0"",""0"",""0"",""0"",""0"",""0"",""1"""
"2024/11/10 8:10:20 PM GMT+1,""ILLIAC"",""BUMBA"",""3"",""2"",""1"",""0"",""0"",""2"",""0"",""0"""
"2024/11/10 8:13:16 PM GMT+1,""VOYAGER"",""16_s_3"",""1"",""2"",""2"",""1"",""0"",""4"",""1"",""2"""
"2024/11/10 8:18:27 PM GMT+1,""ALICE"",""16_s_3"",""1"",""3"",""3"",""1"",""1"",""4"",""2"",""1"""
"2024/11/10 8:26:01 PM GMT+1,""ILLIAC"",""16_s_3"",""2"",""2"",""3"",""2"",""3"",""3"",""2"",""1"""
"2024/11/10 8:26:59 PM GMT+1,""CYSP"",""GRAH"",""2"",""1"",""3"",""0"",""2"",""4"",""0"",""1"""
"2024/11/10 8:33:16 PM GMT+1,""CYSP"",""16_s_3"",""0"",""2"",""4"",""2"",""3"",""3"",""1"",""1"""
"2024/11/10 8:33:54 PM GMT+1,""ILLIAC"",""GRAH"",""3"",""3"",""1"",""0"",""1"",""2"",""0"",""3"""
"2024/11/10 8:36:14 PM GMT+1,""ILLIAC"",""gr14.5"",""0"",""0"",""4"",""2"",""1"",""4"",""1"",""0"""
"2024/11/10 8:38:29 PM GMT+1,""1"",""16_02"",""2"",""0"",""3"",""2"",""3"",""4"",""1"",""0"""
"2024/11/10 8:39:36 PM GMT+1,""2"",""16_02"",""1"",""0"",""3"",""4"",""3"",""4"",""1"",""0"""
"2024/11/10 8:40:54 PM GMT+1,""ALICE"",""GRAH"",""3"",""3"",""2"",""0"",""3"",""1"",""0"",""2"""
"2024/11/10 8:47:27 PM GMT+1,""VOYAGER"",""GRAH"",""4"",""4"",""1"",""0"",""0"",""0"",""0"",""4"""
"2024/11/10 8:49:13 PM GMT+1,""3"",""16_02"",""2"",""1"",""1"",""2"",""3"",""1"",""0"",""0"""
"2024/11/10 8:59:35 PM GMT+1,""ALICE"",""22"",""4"",""1"",""1"",""2"",""2"",""3"",""0"",""2"""
"2024/11/10 9:00:24 PM GMT+1,""4"",""16_02"",""3"",""2"",""1"",""2"",""1"",""1"",""0"",""2"""
"2024/11/10 9:07:05 PM GMT+1,""VOYAGER"",""gr14.5"",""1"",""0"",""2"",""2"",""2"",""3"",""0"",""1"""
"2024/11/10 9:10:34 PM GMT+1,""VOYAGER"",""gr9_1011h2053"",""2"",""4"",""0"",""1"",""0"",""3"",""0"",""0"""
"2024/11/10 9:11:26 PM GMT+1,""ALICE"",""gr14.5"",""1"",""1"",""2"",""2"",""2"",""3"",""0"",""0"""
"2024/11/10 9:13:44 PM GMT+1,""VOYAGER"",""JOJOSIWA"",""3"",""3"",""0"",""0"",""0"",""2"",""3"",""2"""
"2024/11/10 9:16:33 PM GMT+1,""CYSP"",""gr14.5"",""0"",""0"",""4"",""4"",""2"",""4"",""1"",""0"""
"2024/11/10 9:20:29 PM GMT+1,""CYSP"",""gr9_1011h2053"",""4"",""4"",""0"",""0"",""0"",""1"",""2"",""1"""
"2024/11/10 9:21:05 PM GMT+1,""ILLIAC"",""JOJOSIWA"",""2"",""4"",""1"",""0"",""0"",""2"",""3"",""2"""
"2024/11/10 9:27:13 PM GMT+1,""ALICE"",""gr9_1011h2053"",""4"",""4"",""0"",""0"",""0"",""0"",""3"",""3"""
"2024/11/10 9:29:19 PM GMT+1,""CYSP"",""JOJOSIWA"",""3"",""3"",""1"",""1"",""1"",""2"",""3"",""3"""
"2024/11/10 9:31:28 PM GMT+1,""CYSP"",""group4.dante2"",""1"",""1"",""1"",""0"",""1"",""3"",""0"",""0"""
"2024/11/10 9:33:31 PM GMT+1,""ILLIAC"",""gr9_1011h2053"",""4"",""4"",""0"",""0"",""0"",""0"",""0"",""4"""
"2024/11/10 9:36:07 PM GMT+1,""VOYAGER"",""group4.dante2"",""0"",""1"",""1"",""0"",""1"",""3"",""0"",""0"""
"2024/11/10 9:40:16 PM GMT+1,""ALICE"",""JOJOSIWA"",""2"",""3"",""1"",""0"",""0"",""2"",""3"",""4"""
"2024/11/10 9:40:45 PM GMT+1,""ILLIAC"",""group4.dante2"",""1"",""2"",""0"",""0"",""0"",""3"",""0"",""0"""
"2024/11/10 9:55:22 PM GMT+1,""CYSP"",""gr14.6"",""4"",""3"",""1"",""2"",""0"",""3"",""0"",""0"""
"2024/11/10 10:00:12 PM GMT+1,""VOYAGER"",""gr14.6"",""1"",""1"",""2"",""4"",""1"",""2"",""0"",""0"""
"2024/11/10 10:04:35 PM GMT+1,"" ALICE"",""gr14.6"",""3"",""2"",""3"",""4"",""2"",""3"",""0"",""0"""
"2024/11/10 10:08:57 PM GMT+1,""ILLIAC"",""gr14.6"",""1"",""0"",""3"",""3"",""2"",""4"",""0"",""0"""
"2024/11/10 10:40:28 PM GMT+1,""CYSP"",""gr21-1012"",""2"",""1"",""1"",""3"",""1"",""2"",""0"",""1"""
"2024/11/10 10:44:38 PM GMT+1,""ALICE"",""gr21-1012"",""1"",""1"",""1"",""3"",""2"",""2"",""1"",""1"""
"2024/11/10 10:48:36 PM GMT+1,""VOYAGER"",""gr21-1012"",""2"",""1"",""0"",""2"",""0"",""1"",""0"",""2"""
"2024/11/10 10:52:15 PM GMT+1,""ILLIAC"",""gr21-1012"",""1"",""0"",""2"",""2"",""2"",""2"",""0"",""1"""
"2024/11/10 11:03:54 PM GMT+1,""CYSP"",""gr21-1013"",""3"",""2"",""1"",""3"",""2"",""3"",""0"",""0"""
"2024/11/10 11:08:32 PM GMT+1,""ALICE"",""gr21-1013"",""3"",""3"",""0"",""3"",""1"",""1"",""0"",""0"""
"2024/11/10 11:12:57 PM GMT+1,""VOYAGER"",""gr21-1013"",""4"",""1"",""1"",""3"",""1"",""3"",""0"",""0"""
"2024/11/10 11:17:17 PM GMT+1,""ILLIAC"",""gr21-1013"",""2"",""1"",""1"",""2"",""3"",""3"",""0"",""0"""
"2024/11/10 11:29:59 PM GMT+1,""CYSP"",""gr13-knh2"",""3"",""2"",""3"",""2"",""1"",""2"",""0"",""0"""
"2024/11/10 11:36:14 PM GMT+1,""ILLIAC"",""gr13-knh2"",""3"",""2"",""3"",""2"",""2"",""1"",""1"",""0"""
"2024/11/10 11:42:35 PM GMT+1,""VOYAGER"",""gr13-knh2"",""1"",""2"",""3"",""2"",""1"",""0"",""1"",""0"""
"2024/11/10 11:49:39 PM GMT+1,""ALICE"",""gr13-knh2"",""2"",""2"",""2"",""2"",""1"",""0"",""0"",""0"""
"2024/11/11 9:44:07 AM GMT+1,""CYSP"",""GR13_Tøffel"",""1"",""3"",""2"",""2"",""3"",""3"",""1"",""1"""
"2024/11/11 9:44:09 AM GMT+1,""CYSP"",""6_2"",""3"",""1"",""1"",""2"",""1"",""2"",""0"",""0"""
"2024/11/11 9:47:31 AM GMT+1,""ILLIAC"",""GR13_Tøffel"",""2"",""1"",""1"",""1"",""1"",""2"",""1"",""1"""
"2024/11/11 9:51:53 AM GMT+1,""ILLIAC"",""GR13_Tøffel"",""1"",""3"",""2"",""0"",""1"",""1"",""3"",""2"""
"2024/11/11 9:53:19 AM GMT+1,""VOYAGER"",""6_2"",""4"",""2"",""0"",""2"",""0"",""0"",""0"",""2"""
"2024/11/11 9:55:05 AM GMT+1,""CYSP"",""group10-ez"",""2"",""2"",""0"",""3"",""3"",""3"",""0"",""0"""
"2024/11/11 9:56:33 AM GMT+1,""VOYAGER"",""GR13_Tøffel"",""1"",""3"",""1"",""1"",""1"",""2"",""1"",""0"""
"2024/11/11 9:58:54 AM GMT+1,""ALICE"",""6_2"",""4"",""2"",""0"",""3"",""0"",""0"",""0"",""3"""
"2024/11/11 9:59:57 AM GMT+1,""VOYAGER"",""group10-ez"",""2"",""0"",""1"",""3"",""2"",""1"",""0"",""1"""
"2024/11/11 10:05:02 AM GMT+1,""ILLIAC"",""6_2"",""4"",""2"",""0"",""2"",""0"",""0"",""0"",""3"""
"2024/11/11 10:05:49 AM GMT+1,""ALICE"",""group10-ez"",""2"",""1"",""1"",""2"",""2"",""1"",""0"",""2"""
"2024/11/11 10:13:16 AM GMT+1,""ILLIAC"",""group10-ez"",""2"",""3"",""2"",""2"",""2"",""2"",""2"",""2"""
"2024/11/11 11:15:15 AM GMT+1,""ALICE"",""group18_k1"",""1"",""0"",""2"",""3"",""3"",""3"",""0"",""0"""
"2024/11/11 11:21:03 AM GMT+1,""CYSP"",""group18_k1"",""3"",""2"",""1"",""2"",""2"",""1"",""0"",""3"""
"2024/11/11 11:27:30 AM GMT+1,""ILLIAC"",""group18_k1"",""4"",""2"",""0"",""2"",""0"",""0"",""0"",""3"""
"2024/11/11 11:31:17 AM GMT+1,""CYSP"",""OMG"",""2"",""1"",""0"",""1"",""2"",""4"",""3"",""0"""
"2024/11/11 11:34:54 AM GMT+1,""VOYAGER"",""group18_k2"",""1"",""3"",""1"",""1"",""1"",""3"",""1"",""0"""
"2024/11/11 11:36:31 AM GMT+1,""CYSP"",""8_2"",""2"",""2"",""2"",""3"",""3"",""2"",""1"",""2"""
"2024/11/11 11:37:19 AM GMT+1,""ALICE"",""OMG"",""3"",""3"",""0"",""0"",""0"",""2"",""2"",""2"""
"2024/11/11 11:38:56 AM GMT+1,""ALLICE"",""group18_k2"",""3"",""0"",""2"",""2"",""1"",""2"",""0"",""3"""
"2024/11/11 11:39:45 AM GMT+1,""VOYAGER"",""8_2"",""2"",""1"",""3"",""3"",""4"",""3"",""2"",""2"""
"2024/11/11 11:42:35 AM GMT+1,""VOYAGER"",""OMG"",""4"",""3"",""0"",""0"",""0"",""1"",""2"",""3"""
"2024/11/11 11:43:12 AM GMT+1,""x"",""group18_k2"",""4"",""0"",""0"",""3"",""0"",""0"",""0"",""4"""
"2024/11/11 11:43:54 AM GMT+1,""ILLIAC"",""8_2"",""3"",""2"",""3"",""1"",""1"",""2"",""2"",""3"""
"2024/11/11 11:48:01 AM GMT+1,""ILLIAC"",""group18_k2"",""3"",""0"",""2"",""2"",""1"",""1"",""0"",""3"""
"2024/11/11 11:50:01 AM GMT+1,"" ALICE"",""8_2"",""3"",""3"",""2"",""1"",""2"",""2"",""1"",""3"""
"2024/11/11 11:54:19 AM GMT+1,""CYSP"",""group18_k3"",""2"",""1"",""1"",""3"",""1"",""1"",""0"",""2"""
"2024/11/11 11:58:21 AM GMT+1,""VOYAGER"",""group18_k3"",""2"",""0"",""2"",""3"",""3"",""2"",""0"",""1"""
"2024/11/11 12:02:29 PM GMT+1,""ILLIAC"",""group16_k3"",""3"",""2"",""1"",""2"",""0"",""1"",""0"",""3"""
"2024/11/11 12:07:25 PM GMT+1,""ALICE"",""group18_k3"",""4"",""0"",""1"",""3"",""2"",""0"",""0"",""4"""
"2024/11/11 12:16:18 PM GMT+1,""ILLIAC"",""8_testing3"",""3"",""2"",""1"",""2"",""2"",""1"",""3"",""2"""
"2024/11/11 12:17:55 PM GMT+1,""VOYAGER"",""6_3"",""3"",""3"",""0"",""2"",""0"",""1"",""0"",""0"""
"2024/11/11 12:21:08 PM GMT+1,"" VOYAGER"",""8_testing3"",""4"",""3"",""1"",""1"",""2"",""3"",""4"",""2"""
"2024/11/11 12:26:04 PM GMT+1,""ALICE"",""8_testing3"",""3"",""2"",""3"",""3"",""2"",""3"",""2"",""3"""
"2024/11/11 12:28:00 PM GMT+1,""ALICE"",""6_3"",""3"",""1"",""1"",""2"",""1"",""0"",""0"",""0"""
"2024/11/11 12:31:17 PM GMT+1,""CYSP"",""8_testing3"",""3"",""1"",""2"",""3"",""3"",""1"",""1"",""2"""
"2024/11/11 12:37:53 PM GMT+1,""ILLIAC"",""gr13-knh3"",""1"",""4"",""2"",""0"",""0"",""3"",""2"",""1"""
"2024/11/11 12:38:19 PM GMT+1,""VOYAGER"",""8_testing4"",""0"",""1"",""3"",""3"",""4"",""4"",""1"",""0"""
"2024/11/11 12:42:38 PM GMT+1,""ILLIAC"",""8_testing4"",""3"",""2"",""1"",""3"",""3"",""2"",""1"",""2"""
"2024/11/11 12:44:03 PM GMT+1,""ALICE"",""gr13-knh3"",""2"",""3"",""1"",""0"",""0"",""1"",""2"",""2"""
"2024/11/11 12:47:12 PM GMT+1,""ALICE"",""8_testing4"",""1"",""0"",""3"",""1"",""3"",""2"",""1"",""1"""
"2024/11/11 12:50:45 PM GMT+1,""CYSP"",""gr13-knh3"",""3"",""4"",""0"",""0"",""0"",""1"",""3"",""2"""
"2024/11/11 12:52:13 PM GMT+1,""CYSP"",""8_testing4"",""3"",""1"",""1"",""2"",""1"",""2"",""0"",""3"""
"2024/11/11 12:58:40 PM GMT+1,""VOYAGER"",""6_4"",""3"",""4"",""1"",""1"",""1"",""3"",""0"",""3"""
"2024/11/11 1:00:21 PM GMT+1,""VOYAGER"",""gr13-knh3"",""3"",""4"",""0"",""0"",""0"",""1"",""3"",""4"""
"2024/11/11 1:04:29 PM GMT+1,""ILLIAC"",""6_4"",""4"",""4"",""1"",""1"",""0"",""2"",""0"",""2"""
"2024/11/11 1:09:31 PM GMT+1,""ALICE"",""6_4"",""3"",""3"",""1"",""1"",""2"",""2"",""0"",""2"""
"2024/11/11 1:17:27 PM GMT+1,""CYSP"",""6_4"",""4"",""4"",""0"",""0"",""1"",""1"",""0"",""3"""
"2024/11/11 1:23:44 PM GMT+1,""ILLIAC"",""6_3"",""3"",""1"",""1"",""2"",""1"",""0"",""0"",""0"""
"2024/11/11 1:28:50 PM GMT+1,""CYSP"",""6_3"",""4"",""2"",""0"",""2"",""0"",""0"",""0"",""1"""
"2024/11/11 1:36:03 PM GMT+1,""ILLIAC"",""6_5"",""2"",""3"",""1"",""2"",""1"",""2"",""1"",""3"""
"2024/11/11 1:45:09 PM GMT+1,""1"",""group18_j3"",""1"",""3"",""1"",""2"",""0"",""1"",""1"",""0"""
"2024/11/11 1:48:58 PM GMT+1,""CYSP"",""6_5"",""1"",""1"",""2"",""3"",""3"",""3"",""1"",""1"""
"2024/11/11 1:52:18 PM GMT+1,""2"",""group18_j3"",""2"",""2"",""1"",""2"",""2"",""2"",""1"",""1"""
"2024/11/11 1:53:58 PM GMT+1,""ALICE"",""6_5"",""1"",""2"",""1"",""3"",""3"",""4"",""0"",""2"""
"2024/11/11 2:00:05 PM GMT+1,""VOYAGER"",""6_5"",""3"",""4"",""2"",""1"",""1"",""2"",""2"",""4"""
"2024/11/11 2:00:49 PM GMT+1,""3"",""group18_j3"",""2"",""3"",""0"",""1"",""0"",""1"",""1"",""1"""
"2024/11/11 2:08:04 PM GMT+1,""4"",""group18_j3"",""3"",""3"",""0"",""2"",""0"",""0"",""1"",""1"""
